	"
"
BB1100	34
	
SCB1718	6
	
RB3201	41
	
RB3202	41
	
RB3205	41
	
RB3206	41
	
RB3210	41
	
RB3211	41
	
RB3301	41
	
RB3302	41
	
RB3304	41
	
RB3305	41
	
RB3309	41
	
	"
"
RB3310	41
	
RB3401	41
	
RB3402	41
	
RB3403	41
	
RB3405	41
	
RB3406	41
	
RB3410	42
	
RB3411	42
	
RB5401	80
	
	
RB5405	42
	
RB5406	42
	
CSB100	52
	
SCB-1302	40
	
SCB-1304	42
	
SCB-1312	40
	
SCB-1314	40
	
SCB-1402	42
	
SCB-1404	43
	
SCB-1412	40
	
SCB-1414	40
	
	"
"
RB-5105	40
RB-5201	60
RB-5202	20
RB-5203	20
RB-5204	20
RB-5205	20
RB-5206	20
RB-5207	20
RB-5208	40
RB-5209	40
RB-5210	40
RB-5301	58
RB-5308	40
RB-5309	40
RB-5310	40
PB2-106	10
RB-5101	64
RB-5102	40
RB-5103	38
RB-5104	40
	"
"
PB2-100	60
PB1-230	39
RB5101	55
SCB-1302	38
SCB-1304	38
SCB-1312	38
SCB-1314	38
SCB-1402	38
SCB-1404	38
SCB-1412	31
RB5101	84
RB5201	21
RB5103	50
RB5104	49
RB5301	84
RB5208	50
RB5209	50
RB5210	20
RB5201	64
RB5210	24
	"
"
RB5401	20
RB5401	22
RB5210	8
RB5401	20
RB5401	23
RB5301	81
RB5201	85
RB5101	77
RB5102	14
RB5102	38
RB5401	66
RB5309	44
RB5310	44
RB5401	70
RB5103	39
RB5104	39
RB5105	39
RB5208	39
BB1310	28
BB2203	7
	"
"
BB1308	2
CB2440	45
CB1113	40
CB1310	40
CB1313	20
SCB3205	42
RB5201	82
RB5301	72
RB5102	19
RB5102	30
PB1-230	35
PB1-330	36
STB207	6
IMB 4406	44
IMB 4403	30
SCB-2606	22
SCB3205	11
RB3206	35
RB3210	35
RB3211	35
SCB3310	18
	"
"
PB1-230	35
PB1-330	35
RB5101	84
RB5102	44
RB5103	44
RB5104	48
RB5201	84
RB5301	84
RB5401	84
RB3201	32
RB3202	32
RB5102	26
RB5103	26
RB5104	26
RB5105	26
RB5208	26
RB5209	22
BB1214	15
BB1310	29
RB3302	60
	"
"
RB3304	45
RB3305	45
RB3309	40
RB3301	60
RB5401	70
CB2440	45
CSB100	28
CSB100	21
CSB209	44
CSB210	24
CSB210	6
SCB3100	55
SCB3205	51
GB100	38
RB 5201	56
RB 5101	15
RB 5101	19
RB 5101	6
	"
"
	
RB 5101	7
RB 5301	34
RB 5201	18
RB 5301	3
PB1-330	33
PB2-106	5
PB2-105	1
STB302	68
IMB 4406	26
IMB 4401	12
IMB 4403	10
PB2-100	39
PB2-205	24
CB1113	35
BB2203	7
BB1215	16
SCB2814	31
PB2-105	1
	"
"
SCB3310	24
SCB3309	16
อาคารสัตว?	8
RB5201	40
RB5208	49
RB5201	38
PB2-100	59
SCB2816	29
RB5101	70
RB5201	70
SCB-1302	38
SCB-1304	38
SCB-1312	38
SCB-1314	38
SCB-1402	38
SCB-1404	39
PB2-106	10
RB3201	49
RB3202	45
RB3205	45
	"
"
RB3206	45
RB3210	45
RB3211	45
RB3304	45
RB3305	45
RB3309	45
RB3310	45
RB3401	44
RB3402	45
RB3403	45
RB3405	45
RB3406	46
RB5101	70
RB5102	45
RB5103	45
RB5104	45
RB5105	45
RB5201	70
RB5208	45
RB5209	45
	"
"
RB5210	45
RB5301	70
RB5308	45
RB5309	45
RB5310	45
RB5401	70
RB3301	62
CB1113	20
SCB2804	4
BB1308	3
RB3301	55
RB3302	45
RB5103	45
RB5104	45
RB5105	45
RB5208	45
RB5209	45
RB5210	45
RB5101	70
RB5201	24
	"
"
RB5201	54
RB5102	37
RB5201	85
RB5208	45
RB5301	85
RB5401	85
BB2207	10
CSB100	51
CSB209	24
CSB210	47
CSB209	4
CSB209	2
RB5101	75
RB5102	34
RB5102	3
SCB-1302	42
SCB-1304	42
SCB-1312	42
SCB-1314	42
PB2-106	4
	"
"
PB2-106	6
RB5101	70
RB5201	32
RB5201	26
RB5102	52
BB1100	49
CSB100	28
CSB100	21
CSB209	17
RB5102	8
RB5102	13
PB2-105	5
PB2-105	4
STB206	36
IMB 4403	30
BB1214	10
CSB100	70
CSB209	10
CSB209	30
CSB210	45
	"
"
RB5101	77
RB5102	34
RB5103	34
RB5104	42
RB5105	42
RB5201	87
RB5208	50
RB5209	32
RB5301	87
RB5209	12
RB5210	50
RB5308	47
SCB-1302	40
SCB-1304	42
SCB-1312	40
SCB-1314	40
SCB-1402	40
SCB-1404	40
SCB-1412	40
SCB2718	30
	"
"
SCB2814	20
BB1213	13
BB1100	42
CB1113	30
CB1310	45
RB5101	41
RB5201	85
RB5208	15
RB5101	34
RB5301	83
RB5308	21
RB5208	35
RB5309	29
RB5401	80
RB5308	11
RB5103	50
RB5104	40
RB5309	20
RB5104	13
RB5308	19
	"
"
RB3201	49
RB3202	49
RB3301	58
RB3211	48
RB3206	49
RB3210	49
RB3302	58
RB3205	48
RB3304	47
RB3305	43
RB3309	45
RB5102	50
RB5103	50
RB5104	35
RB5104	12
RB5208	50
RB5209	50
RB5210	50
RB5308	48
RB5309	48
	"
"
RB5405	24
RB5406	50
RB5301	81
RB5101	76
RB5401	83
RB5201	9
RB5405	28
RB5201	33
RB5105	24
RB5105	26
RB5201	33
PB1-230	27
PB2-106	4
PB2-106	4
PB2-105	1
RB3301	60
RB3302	60
RB3304	45
RB3305	45
RB3309	45
RB3310	45
	"
"
RB3401	45
RB3402	45
PB2-105	2
GB110	11
PB2-105	1
SCB2718	3
CB1113	50
SCB-1402	39
SCB-1302	38
SCB-1304	38
SCB-1312	38
SCB-1314	38
SCB-1404	37
RB5401	82
RB5101	85
RB5301	82
RB5201	84
RB5102	45
RB5103	55
BB1214	13
RB5101	88
	"
"
RB5102	48
RB5103	48
RB5104	48
RB5105	48
RB5201	87
RB5208	48
RB5209	48
RB5210	48
RB5301	87
RB5308	48
RB5309	48
RB5310	48
RB5401	87
RB5405	48
SCB-1402	40
SCB-1404	40
SCB-1412	40
SCB-1414	40
RB-3201	36
RB-3202	38
	"
"
RB-3205	38
RB-3206	38
RB-3210	38
RB-3211	37
RB-3301	46
RB-3302	46
RB-3304	35
RB-3305	38
RB-3309	36
RB-3310	36
RB-3401	37
RB-3402	35
RB-3403	35
RB-3405	35
PB2-106	9
SCB-1302	38
SCB-1304	40
SCB-1312	38
SCB-1314	38
RB5301	80
	"
"
RB5401	74
BB1310	10
BB1214	15
BB1100	20
CB1314	20
RB3301	55
RB3302	55
CSB100	11
CSB100	26
CSB100	6
GB100	38
SCB3205	44
RB5201	78
RB5208	26
RB5208	3
RB5201	3
PB1-230	35
PB1-330	35
PB2-205	21
	"
"
PB2-100	36
PB2-100	4
SCB4405-06	29
STB207	4
IMB 4406	42
IMB 4403	12
IMB 4401	6
BB1215	25
SCB2718	35
SCB3100	84
SCB3310	19
SCB2804	6
CSB100	49
CSB209	35
CSB210	44
RB5103	53
RB5104	53
RB5201	82
RB5301	60
RB5101	80
	"
"
RB5102	44
RB3210	45
RB3211	40
RB3301	60
RB3302	60
RB3304	45
RB3305	45
RB3309	45
RB5101	70
RB5102	45
RB5103	45
RB5104	45
RB5105	45
RB5201	70
RB5208	45
RB5209	45
RB5301	70
RB5401	70
SCB2814	37
BB1215	29
	"
"
RB5101	41
RB5102	41
RB5103	41
RB5104	41
RB5105	41
RB5201	41
BB1310	33
RB5301	65
RB5308	50
CB1113	40
CB1313	20
CSB100	56
SCB3100	66
SCB3205	60
GB200	13
GB202	27
RB5208	53
RB5209	28
RB5209	24
PB1-230	37
	"
"
PB2-100	50
PB1-330	39
PB2-106	8
PB2-106	1
IMB 4406	30
IMB 4403	13
PB2-205	21
BB1214	22
SCB2814	37
SCB2718	8
PB2-205	2
SCB3310	15
RB5101	70
RB5102	48
RB5103	48
RB5104	47
RB5201	85
RB5301	85
RB5401	84
BB1214	17
	"
"
PB2-205	18
BB1213	5
SCB2718	25
PB2-106	3
PB2-106	3
BB1310	8
RB5101	70
RB5201	70
RB5301	70
RB5401	70
RB5104	45
RB5105	45
RB5102	40
RB5103	45
CSB100	25
CSB100	21
CSB100	25
CSB209	16
CSB210	24
	"
"
CSB210	30
CSB209	4
SCB3100	65
SCB3205	60
SCB3206	22
RB5208	7
RB5208	13
RB5208	6
SCB-1302	40
SCB-1304	40
SCB-1312	40
SCB-1314	36
PB1-230	22
PB2-205	8
PB2-205	8
PB2-104	4
RB3301	58
	"
"
STB205	30
STB206	43
STB206	5
PB1-330	35
PB2-105	15
BB1214	14
SCB2804	1
PB2-104	6
SCB3311	16
RB5208	7
SCB2718	20
SCB2814	39
BB1100	31
BB1-A301	29
RB5104	45
RB5105	55
RB5308	45
RB5309	40
RB5101	70
	"
"
RB5102	45
RB5103	45
CSB100	19
CSB100	4
SCB3205	41
SCB3206	35
GB100	39
SCB3310	43
RB5201	58
RB5201	15
RB5201	5
RB5208	5
RB5208	3
RB5208	9
PB1-230	30
PB1-330	34
	"
"
PB2-100	55
PB2-106	9
PB2-205	9
STB205	31
STB206	48
STB205	6
IMB 4401	15
IMB 4403	19
IMB 2202	3
SCB-1302	35
PB2-106	4
PB2-205	11
RB5301	70
RB5401	70
RB3201	42
RB3202	42
RB3205	42
RB3206	42
RB3210	42
RB3211	42
	"
"
RB3301	42
RB3302	42
SCB2718	20
SCB2814	39
SCB2720	1
SCB3309	23
SCB3311	16
RB5208	7
RB5208	47
RB5209	47
RB5210	47
RB5308	47
RB5309	47
RB3304	45
RB3305	45
RB3309	45
RB3301	55
RB3302	60
RB5104	45
	"
"
CSB100	35
CSB100	15
CSB100	18
SCB3205	39
RB 5101	76
RB5201	80
RB5301	44
RB5301	29
RB5401	63
RB5102	41
RB5401	15
RB 5101	2
PB2-100	52
PB1-230	31
PB2-205	8
STB206	30
STB206	6
IMB 4403	14
PB2-106	15
PB2-105	10
	"
"
BB1214	12
SCB2804	4
PB2-105	6
SCB3310	23
SCB3311	19
PB2-205	3
RB5101	55
RB5101	65
RB3305	40
RB3309	35
CSB100	9
CSB100	21
SCB3206	14
RB5201	58
RB5201	3
RB5301	31
RB5301	43
RB5201	6
	"
"
RB5201	9
RB5301	6
SCB-1302	40
SCB-1304	40
SCB-1312	34
PB2-106	3
PB2-106	1
STB207	5
IMB 4406	49
RB3301	60
RB3302	60
RB3304	40
SCB3310	16
PB2-205	22
IMB 2202	2
PB2-106	2
PB2-106	3
BB1213	9
CB1113	30
	"
"
PB2-105	4
SCB2718	11
PB2-106	6
PB2-106	6
PB2-105	3
SCB2814	29
SCB2816	28
MB2111	45
	
SCB2814	32
	
SCB2804	7
	
RB5101	74
	
RB5102	40
	
RB5201	73
	
RB5301	73
	
PB1-230	40
	
PB1-330	40
	
SCB-1302	40
	
SCB-1304	42
	
SCB-1312	40
	
SCB-1314	39
	
SCB-1402	40
	
SCB-1404	42
	
SCB-1412	40
	
	
SCB-1414	37
RB5308	52
RB5210	53
RB5309	55
RB5310	54
RB5209	54
RB5401	71
RB5208	54
RB5102	50
RB5103	11
RB5401	55
RB5405	50
RB5406	45
RB5104	51
RB3202	44
RB3201	4
RB5103	37
RB3201	32
RB5401	28
RB5201	82
RB5208	26
RB5301	80
	
RB5308	50
RB5101	74
RB5209	50
RB5210	18
RB5105	50
RB5309	52
RB5310	14
RB5208	6
RB5310	19
RB5210	15
RB5208	20
RB5310	19
RB3202	5
BB2106	6
RB3301	60
RB3302	60
RB5101	65
RB5102	45
RB5208	54
RB5209	53
RB5210	53
RB5401	82
	
RB5201	82
RB5301	62
BB1214	15
RB3201	45
RB3202	45
RB3205	45
RB3206	45
RB3210	44
RB3211	44
RB3301	50
RB3302	52
RB3304	45
RB3305	45
RB3309	45
RB3310	45
RB3401	45
RB3402	45
RB3403	45
RB3405	45
RB3406	45
RB3410	45
RB5101	75
	
RB5102	45
RB5103	45
RB5104	45
RB5105	45
RB5201	31
RB5301	24
RB5301	58
RB5201	31
RB5308	47
RB5309	47
BB1214	14
RB1310	21
BB1213	7
BB1309	6
RB5101	70
RB5102	45
RB5103	45
RB5201	70
CB1113	30
CB1310	30
CB1313	9
CSB100	21
	
CSB100	25
SCB 3205	44
SCB 3100	70
GB 100	39
GB 202	16
SCB 3100	1
RB5301	36
RB5301	25
RB5301	1
RB5401	31
PB2-100	61
PB1-230	40
PB1-330	37
SCB-1302	30
STB206	33
IMB 4403	13
PB2-205	20
PB2-106	3
RB3301	60
RB3302	60
RB3304	45
	
RB3305	45
BB1100	22
SCB2814	29
SCB2718	26
SCB2720	30
PB2-106	4
SCB 3311	16
RB5401	7
RB5101	70
RB5102	45
RB5103	45
RB5104	45
RB5105	45
RB5201	70
RB5208	45
RB5301	70
RB5308	45
RB3310	37
RB3301	37
RB3302	37
RB3304	37
RB3305	37
	
RB3309	37
RB3211	37
RB3401	37
BB1215	34
BB1100	34
RB5101	75
RB5102	45
RB5103	45
RB5104	45
CB1314	21
RB5208	45
RB5209	45
RB5210	10
RB5105	35
RB5301	65
CB1313	30
CB1113	25
CSB100	18
CSB100	25
CSB209	33
CSB210	30
CSB210	2
	
GB 100	37
SCB 3205	48
RB5405	40
RB5405	4
RB5406	50
RB5401	41
RB5401	38
RB5405	2
RB5201	59
RB5201	10
RB5308	43
RB5310	34
RB5309	19
RB5310	17
RB5309	30
RB5201	5
PB1-230	40
PB2-106	1
IMB 4403	25
IMB 4408	10
IMB 4406	46
PB2-205	27
	
BB1303	19
BB1213	10
SCB2720	2
PB2-106	2
SCB 3310	23
SCB 3309	16
BB1215	20
BB1213	3
CB1113	26
CB1310	20
PB2-105	9
PB2-106	1
PB2-106	1
SCB2804	2
BB1214	6
BB1100	26
CB1113	35
RB5101	59
RB3301	55
CB1313	15
CSB100	24
GB 100	35
	
RB5201	50
RB5301	36
RB5401	53
RB5301	32
RB5102	42
RB5401	29
RB5201	29
PB2-205	17
PB2-106	15
PB2-105	5
STB206	44
STB205	43
IMB 4403	12
PB1-230	21
PB2-105	4
RB5102	5
RB5104	40
RB5105	40
RB5208	40
RB5209	40
RB5210	38
	
BB1215	30
BB1213	5
RB5101	75
RB5201	75
RB3302	29
CSB100	5
CSB100	23
GB 100	30
GB 200	14
RB5308	27
RB5308	24
RB5301	29
RB5301	33
RB5301	3
IMB 4408	10
IMB 4403	27
SCB-2606	35
RB3301	60
CB2440	50
BB1214	10
BB2203	3
	
CB1113	15
RB5201	57
RB5101	40
RB5201	13
RB5201	15
RB5101	31
RB5401	34
RB5301	80
RB5401	34
RB5102	15
RB5104	51
RB5102	35
RB3302	58
RB3201	48
RB3202	48
RB3211	47
RB3206	48
RB3210	48
RB3205	46
RB3301	54
PB2-106	4
BB1213	3
SCB2718	2
	
RB3301	60
RB3302	60
RB5301	17
RB5301	40
RB5401	56
RB5301	17
RB5401	22
RB5101	70
RB5201	73
RB5102	40
SCB2720	15
BB1100	22
BB1213	6
RB5201	77
RB5208	38
RB5101	70
RB5102	45
RB5103	45
RB5104	45
RB5201	70
RB5301	70
RB5401	70
	
RB3201	46
RB3202	46
RB3205	46
RB3210	46
RB3211	46
RB3211	1
SCB-1402	40
SCB-1404	40
SCB-1412	41
SCB-1414	40
RB-5101	62
RB-5102	40
RB-5103	40
RB-5104	40
RB-5105	39
RB-5201	61
RB-5208	40
RB-5209	40
RB-5210	40
RB-5301	64
RB-5308	40
RB-5309	40
	
RB-5310	40
PB2-106	9
SCB-1302	40
SCB-1304	40
SCB-1312	40
SCB-1314	37
BB2203	6
PB2-100	60
SCB-1302	40
SCB-1304	36
SCB-1312	40
SCB-1314	40
SCB-1402	40
SCB-1404	36
SCB-1412	33
SCB-1414	33
SCB2718	39
BB1214	25
CB1313	11
SCB-1312	40
SCB-1314	37
SCB-1402	40
	
SCB-1404	40
SCB-1412	40
RB-5101	55
RB-5102	37
SCB-1414	40
RB-5103	30
RB-5104	30
RB-5105	37
RB-5201	47
RB-5208	35
RB-5209	35
PB2-106	10
SCB-1302	35
SCB-1304	32
CB1113	40
RB5103	39
RB5104	39
RB5105	39
RB5201	65
RB5208	39
RB5209	39
RB5210	39
	
RB5301	65
RB5308	39
RB5309	39
RB5310	39
RB5401	65
RB5101	33
RB5101	40
PB2-105	8
CSB100	23
CSB100	24
CSB209	5
CSB209	13
CSB209	2
CB1113	40
BB1214	13
RB5201	65
CB1310	40
CB1113	10
GB 202	14
GB 200	12
	
RB5210	11
RB5101	33
RB5101	30
RB5210	22
PB1-230	35
PB2-100	58
SCB-1302	40
SCB-1304	40
SCB-1312	40
SCB-1314	40
SCB-1402	40
SCB-1404	40
SCB-1412	35
SCB-1414	34
SCB-2502	47
SCB-2501	55
RB5301	70
IMB 4418	29
IMB 4403	17
IMB 2202	1
SCB-2606	40
PB2-106	3
	
PB2-106	7
PB2-105	1
CB1113	5
BB1100	50
PB2-105	1
GB 100	40
SCB 3100	78
SCB 3205	46
RB5101	75
RB5102	50
RB5103	50
RB5104	50
RB5105	48
RB5201	80
RB5208	50
RB5209	50
RB5210	50
RB5301	24
RB5401	22
RB5301	56
RB5401	54
RB5308	45
	
RB5309	46
PB2-100	60
SCB-1302	40
SCB-1304	43
SCB-1312	40
SCB-1314	40
SCB-1402	40
SCB-1404	40
SCB-1412	40
SCB-1414	36
PB1-230	34
PB1-330	30
RB5103	42
RB5104	42
RB5105	42
RB5208	42
RB5209	42
BB1100	44
BB1310	25
BB1213	5
CB1113	25
CSB100	30
	
CSB100	25
SCB 3100	65
SCB 3205	60
GB 100	46
RB5102	22
RB5101	68
RB5201	37
RB5201	37
RB5301	58
RB5102	17
PB1-230	35
PB1-330	35
PB2-100	50
PB2-205	25
RB5401	71
STB206	63
STB205	50
IMB 4403	15
PB2-106	16
RB3301	60
CSB100	64
	
CSB209	20
RB5101	87
CSB209	25
CSB210	40
RB5102	37
RB5103	36
RB5104	42
RB5105	43
RB5201	81
RB5208	37
RB5209	37
RB5301	74
RB5401	61
RB5308	50
RB5309	21
BB1303	26
BB1310	18
RB5301	70
RB5308	30
RB5401	70
RB3301	57
CB1113	25
	
RB3302	45
CSB100	28
CSB100	33
CSB209	33
CSB209	2
SCB 3205	66
GB 100	36
SCB 3309	43
SCB 3204	28
RB5101	76
RB5102	7
RB5102	7
RB5201	52
PB1-230	21
PB2-205	17
SCB-1302	32
SCB-1314	32
PB2-104	8
STB207	3
IMB 4406	84
IMB 4403	2
IMB 2202	1
	
SCB-2606	25
PB2-106	8
PB2-106	3
PB2-105	3
RB5103	40
RB5104	40
RB5105	40
RB5208	38
SCB2718	20
SCB2814	38
PB2-105	6
SCB 3310	23
SCB 3311	16
RB5201	5
SCB1719	9
RB3201	45
RB3202	44
RB3205	44
RB3206	44
RB3210	44
RB3211	44
RB3301	44
	
RB3302	44
RB3304	44
RB3305	44
RB3309	44
RB5101	70
RB5201	70
RB5301	70
RB5401	70
SCB2718	20
SCB2720	4
SCB2804	4
RB5102	33
BB1215	25
BB1213	3
CB1113	35
RB5301	67
CB1313	25
CB1310	35
CSB100	29
CSB100	31
CSB209	30
CSB209	4
	
RB5101	46
RB5101	15
RB5103	8
RB5103	4
PB2-100	58
SCB-1302	40
SCB-1304	43
SCB-1312	35
SCB-1314	36
PB2-205	20
STB206	40
IMB 4403	15
IMB 4418	24
PB1-230	35
PB2-106	9
อาคารสัตว?	8
PB2-105	6
SCB 3309	21
RB5103	8
อาคารสัตว?	3
	
CSB100	35
CSB209	7
CSB209	17
RB5201	60
RB5201	4
RB5201	7
PB1-230	40
PB1-330	39
PB2-100	58
PB2-205	31
RB5101	72
STB206	38
IMB 4403	30
IMB 2202	5
IMB 4406	83
PB2-106	3
PB2-106	1
SCB2816	21
SCB 3204	8
CSB209	44
CSB210	44
	
RB5101	70
RB5201	70
CB1113	11
CSB100	55
CSB308	13
CSB209	19
SCB 3205	43
RB5102	24
RB5102	6
PB2-100	51
SCB-1302	40
SCB-1304	38
SCB-1312	31
SCB-1314	30
PB2-205	26
PB2-106	2
STB206	41
STB205	42
IMB 4408	13
IMB 4403	31
PB2-106	4
CB1113	20
	
MB2212	5
	
PB2-106	7
	
SCB2718	25
	
SCB2814	30
	
IMB 4403	13
RB3205	3
	
SCB1302	40
	
SCB1304	40
	
SCB1312	37
	
SCB1314	40
	
SCB1402	40
	
SCB1404	39
	
SCB1412	40
	
SCB1414	39
	
PB2-106	1
	
PB2-106	2
	
BB1309	6
	
BB1215	13
	
	
BB1213	4
	
BB1214	5
	
SCB2804	4
	
BB1215	27
	
RB3211	45
	
RB3301	45
	
RB3302	45
	
RB3304	45
	
RB3305	45
	
RB3309	45
	
RB3310	45
	
RB3401	45
	
RB3402	45
	
RB3403	45
	
RB3405	45
	
RB3406	45
	
RB3410	45
	
RB3411	45
	
	
RB5310	45
	
RB5401	80
	
	
RB5405	45
	
RB5406	45
	
SCB1314	40
	
SCB1402	40
	
SCB1404	40
	
SCB1412	40
	
SCB1414	40
	
RB5101	55
	
RB5102	35
	
RB5103	34
	
RB5104	36
	
RB5105	36
	
RB5201	53
	
RB5208	36
	
RB5209	36
	
RB5210	36
	
	
RB5301	58
RB5308	36
RB5309	38
PB2-205	25
SCB1302	43
SCB1304	37
SCB1312	39
CB1113	35
SCB1302	42
SCB1304	43
SCB1312	41
SCB1314	42
SCB1402	41
PB2-100	50
PB2-205	30
PB2-106	1
BB2203	7
PB2-106	1
	
RB5101	74
RB5102	40
RB5301	83
RB5201	85
RB5208	20
RB5308	49
RB5309	49
RB5310	48
RB5208	21
RB5209	51
RB5210	51
RB5401	72
RB5102	7
RB5103	35
RB5103	15
RB5104	14
RB5104	35
RB5101	70
	
RB5102	24
RB5102	21
RB5201	80
RB5103	45
RB5104	11
RB5105	50
RB5301	81
RB5401	23
RB5401	54
RB5104	32
RB5103	36
RB5104	36
RB5105	36
RB5208	35
RB3201	37
RB3202	37
RB3205	37
RB3206	37
	
BB1215	27
BB1213	9
BB2203	3
RB3301	50
RB3302	45
CB1113	45
RB5201	83
RB5301	16
RB5301	66
RB5102	22
RB5102	15
RB5101	50
STB207	4
IMB 4406	38
IMB 4403	27
RB5309	30
RB5310	30
RB5401	60
	
SCB3309	22
SCB3310	16
BB1308	1
BB1214	7
PB2-100	60
PB1-230	36
PB1-330	36
SCB2814	39
SCB2718	30
SCB2720	26
RB5101	80
RB5102	49
RB5103	49
RB5104	49
RB5105	49
RB5201	80
RB5202	10
RB5208	49
	
RB5301	80
RB5401	80
SCB2814	22
RB5401	66
RB5102	39
RB5103	39
RB5104	39
RB5105	39
BB1214	8
BB1100	32
RB3301	60
RB3302	60
RB3304	45
RB3305	45
CB1113	36
CB2440	41
CB1313	12
CSB100	3
	
CSB100	28
CSB209	11
CSB209	5
SCB3100	69
SCB3205	42
GB100	39
SCB3309	32
RB5201	58
RB5201	16
RB5301	17
RB5301	56
RB5101	46
RB5101	20
RB5101	5
RB5101	3
RB5201	6
	
PB1-230	30
PB1-330	31
PB2-105	4
STB206	61
IMB 4406	42
IMB 4416	3
SCB2606	18
PB2-205	18
BB1215	13
SCB2814	22
PB2-105	3
SCB3310	26
RB5301	7
SCB3205	42
GB202	26
SCB1302	36
SCB1304	35
SCB1312	35
	
SCB1314	36
SCB1402	35
SCB1404	35
SCB1412	35
BB1214	13
RB3203	29
RB3207	29
RB3208	29
RB3209	29
RB3306	29
RB3307	29
RB3308	29
RB3407	29
RB3408	29
RB3409	25
RB3410	49
RB3411	49
SCB1100	65
	
SCB3100	65
RB3201	45
RB3202	45
RB3205	45
RB3206	45
RB3210	45
RB3301	60
RB3302	60
RB5101	70
RB5102	45
RB5103	45
RB5104	45
RB5105	45
RB5201	70
RB5208	45
RB5209	45
RB5210	45
RB5301	70
	
RB5308	45
RB5309	45
RB5310	45
RB5401	70
RB5405	45
RB5406	45
CB1113	35
PB2-106	4
RB3301	60
RB3302	60
RB5201	70
RB5301	70
RB5401	70
RB5101	68
RB5103	44
RB5104	44
RB5105	44
RB5208	43
	
RB5209	43
RB5210	43
RB5308	43
CSB100	71
CSB209	8
CSB210	49
CSB209	4
RB5101	55
RB5201	43
RB5201	18
RB5301	25
RB5301	31
RB5201	18
RB5101	4
PB2-100	60
PB2-205	7
STB206	28
PB2-205	5
	
RB5101	75
RB5301	51
RB5201	56
RB5201	20
RB5301	17
PB2-106	4
PB2-106	7
RB5101	70
RB5102	40
RB5201	70
CSB100	28
CSB100	23
CSB209	14
RB5208	48
RB5209	48
RB5210	48
STB206	21
PB2-106	5
	
BB1213	5
IMB 4403	15
CSB100	60
CSB201	22
"CSB209, 21"	89
RB5101	84
RB5102	40
RB5103	37
RB5104	42
RB5104	41
RB5201	85
RB5208	43
RB5209	40
RB5301	85
RB5401	83
"RB5308, 53"	83
RB5310	40
	
RB5104	10
SCB1302	40
SCB1304	43
SCB1312	41
SCB1314	41
SCB1402	40
BB1100	48
PB2-211	7
CB1113	40
RB5201	79
RB5102	47
RB5103	26
RB5101	76
RB5208	50
RB5209	9
RB5105	50
RB5301	80
RB5401	15
	
RB5401	65
RB5103	20
RB5104	46
RB5209	40
RB5308	50
RB5309	51
RB3205	53
RB3206	50
RB3210	46
RB3304	49
RB3301	56
RB3211	46
RB3305	48
RB3309	46
RB3310	48
RB3401	41
RB3302	56
RB3402	31
	
BB1213	2
BB1214	5
RB5201	29
RB5208	50
RB5209	50
RB5101	75
RB5102	43
RB5103	48
RB5104	48
RB5105	47
RB5210	47
RB5301	77
RB5308	51
RB5309	51
RB5401	18
RB5201	26
RB5201	27
RB5401	28
	
RB5401	32
RB3301	60
RB3302	60
RB3304	45
RB3305	45
RB3309	45
RB3310	45
RB3401	40
RB3402	40
RB3405	40
CB1113	30
SCB1302	36
SCB1304	35
SCB1312	34
SCB1314	35
SCB1402	34
SCB1404	34
SCB1412	34
	
RB5101	85
RB5301	76
RB5201	84
RB5401	85
RB3201	49
RB3202	49
RB3205	49
RB3206	49
RB3210	49
RB3211	48
RB3301	55
RB3302	55
RB3304	48
RB3305	48
RB3309	48
RB3310	48
RB3401	48
RB3402	48
	
RB3403	48
CB1313	10
SCB1312	40
SCB1314	40
SCB1402	40
SCB1404	38
SCB1412	40
SCB1414	40
RB5101	50
RB5102	35
RB5103	35
RB5104	35
RB5105	35
RB5201	48
RB5208	36
RB5209	38
RB5210	35
RB5301	52
	
RB5308	30
PB2-106	10
SCB1302	42
SCB1304	43
RB5102	43
RB5103	43
RB5104	43
RB5105	43
RB5208	42
BB1310	7
BB1214	6
CB2440	50
CB1113	50
CB1313	20
CSB209	14
CSB100	26
CSB100	18
GB100	37
	
SCB3205	37
SCB3206	10
RB5201	50
RB5201	33
RB5101	8
RB5101	39
RB5101	1
SCB1302	34
SCB1304	32
SCB1312	35
SCB1314	31
PB2-205	25
PB1-230	28
PB2-106	8
SCB4405-06	38
STB207	3
IMB 4406	54
IMB 4403	17
	
PB2-105	8
CB1310	41
BB1213	10
BB1309	6
SCB3100	70
SCB3204	31
SCB1719	8
CSB100	38
CSB209	46
CSB210	45
RB5102	52
RB5103	53
RB5301	84
RB5104	54
RB5201	85
RB5105	52
RB3301	60
RB3302	60
	
RB3304	45
RB3305	45
RB3309	45
RB3310	45
RB5101	70
RB5102	45
RB5103	45
RB5104	45
RB5105	45
RB5201	70
RB5301	70
RB5401	70
BB1309	29
RB5101	70
RB5103	38
RB5104	38
RB5105	37
RB5201	70
	
BB1214	20
BB1215	11
CB1113	40
RB5301	70
CB1310	40
SCB3100	70
SCB3205	59
GB202	27
RB5102	22
SCB1302	40
SCB1304	40
SCB1312	40
SCB1314	40
SCB1402	38
SCB1404	38
SCB1412	38
SCB1414	37
PB2-205	24
	
STB206	38
IMB 4401	29
IMB 4403	28
PB1-230	32
BB1310	38
PB2-106	9
PB2-105	2
SCB3310	10
PB2-106	1
SCB2804	3
RB5101	77
RB5102	47
RB5201	78
RB5103	47
RB5104	47
RB5105	47
RB5301	76
RB5401	77
	
SCB2814	43
PB2-106	4
SCB2814	43
SCB2718	32
PB2-106	2
BB1100	52
BB1310	18
BB1213	9
RB5101	70
RB5201	70
RB5301	70
RB5401	70
RB5102	45
RB5103	45
RB5104	45
RB5105	45
CSB100	30
CSB100	28
	
CSB209	30
CSB209	7
CSB210	14
CSB210	30
GB100	34
SCB3100	75
SCB3206	24
RB5308	14
RB5308	13
RB5308	8
RB5308	1
RB5308	1
PB1-230	38
PB1-330	35
PB2-205	19
PB2-105	13
	
PB2-106	1
STB206	52
STB205	40
STB302	35
SCB2606	30
PB2-100	32
BB2106	21
SCB2814	9
PB2-106	4
SCB3311	6
BB1213	11
BB1100	32
BB1310	28
CB1113	45
CB1313	30
CB1310	40
CB2440	40
RB3301	60
	
RB3304	45
RB3305	45
CSB100	35
CSB100	33
CSB209	15
CSB209	27
CSB100	2
SCB3100	75
SCB3206	27
GB100	37
SCB3205	35
SCB3309	30
RB5102	52
RB5201	57
RB5201	8
RB3205	3
	
RB3205	6
PB1-230	30
PB1-330	36
PB2-100	57
PB2-205	17
PB2-105	4
STB206	67
STB205	41
STB207	16
IMB 4403	17
IMB 4401	13
IMB 4416	10
SCB2606	44
PB2-104	16
PB2-103	5
PB2-106	10
RB5301	70
RB5308	45
	
RB5401	70
SCB1719	8
RB5101	70
RB5103	45
RB5104	45
RB5105	45
RB5208	45
RB5209	45
SCB2814	41
SCB3311	22
SCB3310	16
PB2-105	1
RB3201	43
RB3202	42
RB3205	45
RB3206	45
RB3210	45
RB3211	45
	
RB3403	45
BB1214	14
RB3301	60
RB3302	60
RB3304	40
RB3305	45
RB3309	35
RB3310	45
CSB100	29
CSB100	18
CSB209	6
CSB209	3
SCB3205	50
RB5101	50
RB5201	50
RB5301	42
RB5201	29
RB5301	23
	
RB5401	44
RB5401	39
RB5301	7
RB5101	20
PB1-230	36
PB2-106	13
PB2-104	7
STB206	52
IMB 4403	16
PB1-330	30
PB2-105	5
BB1215	38
SCB3309	26
SCB3310	16
PB2-105	4
PB2-106	4
PB2-106	1
SCB2814	34
	
RB5101	60
RB5103	45
RB5102	45
CSB100	24
SCB3206	13
RB5301	31
RB5301	9
RB5201	40
RB5201	8
RB5301	8
PB1-230	33
PB1-330	32
PB2-100	50
PB2-106	7
STB207	4
IMB 4406	32
IMB 4403	12
PB2-105	2
	
RB3301	60
RB3302	60
PB2-106	4
SCB3310	22
PB2-205	24
IMB 4410	1
CB1313	10
IMB 4408	1
CB1310	30
CB1113	40
PB2-106	4
SCB2718	10
IMB 4403	12
	
SCB-1304	35
SCB-1312	34
BB1214	6
BB1215	12
SCB2804	2
RB5101	70
RB5201	70
RB5301	66
SCB-1302	35
SCB-1304	35
SCB-1312	35
SCB-1314	35
	
SCB-1402	38
SCB-1404	35
SCB-1414	34
BB1213	6
RB5308	50
RB5309	15
RB5401	43
RB5401	32
RB5310	42
RB5405	22
RB5310	9
RB5405	29
RB5309	29
RB5309	2
RB5101	78
RB5102	50
RB5208	37
RB5209	50
	
RB5103	48
RB5104	48
RB5105	49
RB5210	48
RB5201	80
RB5208	11
RB5301	12
RB5301	30
RB5301	26
SCB-1302	20
SCB-1314	20
SCB-1402	20
SCB-1404	20
SCB-1412	20
SCB-1414	20
SCB2718	12
	
RB5102	48
RB5201	85
RB5101	78
RB5301	68
RB3201	45
RB3202	45
RB3205	45
RB3206	45
RB3210	45
RB3211	46
RB3301	55
RB3302	55
RB3304	46
RB3305	46
RB3309	46
RB3310	46
RB3401	42
RB3402	40
	
SCB1100	67
SCB3100	70
RB5104	45
RB5105	45
RB5208	45
RB5209	45
RB5210	45
RB5308	45
RB5309	45
RB5101	71
RB5201	73
RB5301	49
RB5301	21
SCB2804	5
RB5102	40
RB5103	40
RB5104	40
RB5105	40
	
BB1308	7
BB1210	20
BB1213	6
RB5301	70
RB5308	45
RB5401	70
CB1310	30
CSB100	14
SCB 3205	44
SCB3100	61
GB100	36
RB5201	73
RB5201	6
RB5101	44
RB5101	6
PB2-100	61
PB1-230	35
PB1-330	34
	
PB2-205	25
PB2-105	3
PB2-105	1
RB5208	35
RB5209	39
STB206	28
STB205	19
IMB 4403	19
SCB2-606	30
PB2-104	3
PB2-104	1
RB3301	60
RB3302	60
RB3304	40
RB3305	40
CB1113	45
BB1215	19
SCB2814	39
	
SCB2804	6
PB2-106	2
SCB3311	22
PB2-105	1
PB2-106	5
SCB1719	12
RB5101	70
RB5102	45
RB5103	45
RB5104	45
RB5105	45
RB5201	70
RB5301	70
RB5401	75
CB1113	20
PB2-212	9
PB2-211	9
PB2-210	9
	
BB1214	13
SCB2718	24
SCB2814	28
RB3201	41
RB3202	41
RB3205	41
RB3206	41
RB3210	41
RB3211	41
BB1100	45
RB3301	60
RB3302	60
RB3304	40
RB3402	40
RB3405	40
RB3401	45
RB3305	45
RB3309	45
	
RB3310	45
RB5104	40
RB5105	40
RB5208	40
RB5209	40
RB5210	40
CB1310	35
CB1314	25
CB1113	35
CSB100	21
CSB100	23
CSB209	30
SCB3205	40
GB100	37
SCB3310	27
RB5103	6
RB5103	24
RB5301	51
	
RB5101	27
RB5101	53
RB5102	41
RB5201	63
RB5103	18
RB5301	29
RB5102	4
RB5102	3
RB5102	1
PB2-205	14
PB2-106	3
PB2-106	2
IMB 4406	32
IMB 4408	11
BB1303	20
BB1213	9
SCB2718	6
PB2-105	2
	
SCB3309	22
PB2-105	1
RB5101	51
RB5201	44
RB5101	26
RB5201	39
RB5102	52
RB5103	52
RB5104	51
RB5105	51
RB5108	51
RB5401	85
RB5210	52
BB1214	6
SCB2814	30
BB1100	39
CB1113	40
CB1310	45
	
CB2440	15
CSB100	25
GB100	36
RB5101	64
RB5201	52
RB5101	7
RB5101	4
RB5301	37
RB5301	44
RB5201	1
RB5201	3
PB2-205	18
PB2-205	4
STB206	45
STB205	33
PB1-230	27
	
PB2-106	13
PB2-106	1
CB2440	15
CSB209	33
RB3201	45
RB3202	45
RB3203	27
RB3205	45
RB3206	45
BB1215	29
RB3301	60
RB3302	60
RB3304	40
CB1113	45
CSB209	12
CSB100	41
CSB209	11
GB100	30
	
GB200	9
RB5102	8
RB5102	21
RB5101	36
RB5101	30
RB5101	3
IMB 4403	18
IMB 4406	29
IMB 4408	12
IMB 4401	14
PB2-205	28
RB5401	75
BB1213	6
SCB2718	38
SCB4202	25
BB1214	5
RB5301	70
	
RB5301	12
RB5308	26
RB5309	51
RB5308	26
RB5401	28
RB5401	43
RB5101	75
RB5102	12
RB5201	73
RB5103	50
RB5104	47
RB5102	36
RB3201	45
RB3202	46
RB3205	45
RB3302	53
RB3301	57
RB3206	48
	
RB3210	48
BB1213	6
RB5101	71
RB5201	72
RB5102	45
BB1213	6
SCB1719	9
SCB2718	23
SCB2814	25
BB1215	24
RB5101	36
RB5201	70
RB5101	29
PB2-106	2
BB1310	22
SCB2814	39
PB2-106	1
SCB2804	6
	
RB5101	70
RB5102	45
RB5103	45
RB5104	45
RB5201	70
RB5301	70
RB5401	70
SCB-1312	40
SCB-1314	40
SCB-1402	40
SCB-1404	40
SCB-1412	40
SCB-1414	34
RB5-101	52
RB5-102	36
RB5-103	37
RB5-104	38
RB5-105	38
	
RB5-201	52
RB5-208	36
RB5-209	36
RB5-210	36
RB5-301	52
PB2-106	9
SCB-1302	40
SCB-1304	41
PB1-230	36
PB1-330	35
BB1214	15
BB1308	4
BB1213	5
BB1213	7
SCB-1302	40
SCB-1304	42
SCB-1312	40
SCB-1314	40
	
SCB-1402	40
SCB-1404	40
SCB-1412	40
SCB-1414	40
RB5-101	50
RB5-102	38
RB5-103	38
BB1214	13
SCB-1312	40
SCB-1314	40
SCB-1402	40
SCB-1404	37
RB5-101	50
SCB-1412	40
SCB-1414	40
RB5-102	34
RB5-103	34
RB5-104	34
	
RB5-105	31
RB5-201	55
RB5-208	36
RB5-209	36
PB2-106	9
SCB-1302	22
SCB-1304	34
PB2-106	5
RB5201	18
RB5201	68
RB5101	40
BB1213	5
BB2203	2
RB3304	40
RB3305	40
RB3302	35
RB3301	45
CSB210	15
	
CSB210	29
CSB209	8
CSB100	36
CSB209	11
CSB100	4
SCB3205	42
SCB3204	27
SCB3309	26
RB5101	20
RB5201	76
RB5301	70
RB5301	8
RB5101	35
RB5101	3
SCB-1302	35
SCB-1304	35
SCB-1312	35
SCB-1314	35
	
SCB-1402	35
SCB-1404	35
SCB-1414	38
PB1-230	34
PB1-330	34
PB2-100	42
PB2-205	9
SCB2-401	2
IMB 4401	20
IMB 4403	22
SCB2-606	23
PB2-205	6
PB2-106	11
SCB2814	33
PB2-105	1
GB100	30
SCB3100	61
SCB3310	16
	
RB5101	75
RB5102	50
RB5103	50
RB5201	83
RB5301	75
RB5308	48
RB5309	48
RB5401	75
RB5104	47
RB5105	45
RB5209	51
RB5210	50
SCB-1302	37
SCB-1304	40
SCB-1312	37
SCB-1314	40
SCB-1402	39
SCB-1404	40
	
SCB-1412	37
SCB-1414	36
RB3-201	29
RB3-202	35
RB3-205	36
RB3-206	28
RB3-210	28
RB3-211	30
RB5308	40
RB5309	40
RB5310	40
RB5401	70
RB5405	40
BB1100	18
BB1-A101	59
RB3302	60
RB3309	45
RB3301	60
	
RB3304	45
RB3305	35
CB1113	35
CB1113	5
CSB100	4
SCB3100	76
GB200	9
RB5201	51
RB5201	26
RB5101	44
RB5101	30
PB1-230	40
PB1-330	33
PB2-100	60
STB205	45
STB206	58
IMB 4406	30
PB2-106	16
	
PB2-105	9
RB3310	45
CSB100	65
CSB209	7
CSB209	34
CSB210	45
RB5101	80
RB5102	40
RB5103	39
RB5104	45
RB5105	42
RB5201	82
RB5208	40
RB5209	35
RB5301	69
RB5401	79
RB5308	50
RB5310	6
	
RB5210	40
RB5310	29
BB1100	37
RB3205	45
RB3206	45
RB3210	45
RB3211	45
RB3301	40
RB3304	25
RB3401	25
RB3305	35
CSB209	30
CSB210	21
CSB100	23
CSB100	23
SCB3100	80
GB100	37
SCB3205	70
	
RB5101	46
RB5201	70
RB5101	14
RB5208	7
RB5208	17
RB5101	10
PB1-230	18
PB1-330	39
PB2-105	4
STB206	35
IMB 4406	35
IMB 4403	8
PB2-205	32
RB3302	40
RB5104	43
RB5105	42
RB5102	36
RB5103	36
	
PB2-105	4
SCB3309	25
SCB3310	22
SCB3311	13
RB5201	3
PB2-105	1
SCB1719	20
SCB2814	39
RB5101	88
RB5102	49
RB5103	41
RB5104	45
RB5201	88
RB5301	88
RB5401	88
SCB2920	5
RB3301	60
RB3302	60
	
RB3304	40
RB3305	40
PB2-106	1
SCB2814	23
PB2-106	1
SCB2804	2
RB5102	27
BB1214	7
BB1215	22
BB1213	4
RB5201	55
RB3301	60
CB1113	30
CSB209	37
CSB210	30
CSB100	27
CSB100	22
CSB210	4
	
RB5103	10
RB5104	19
RB5103	4
RB5104	1
SCB-1302	42
SCB-1304	42
SCB-1314	42
PB2-100	55
PB2-205	22
PB1-230	27
STB205	11
STB206	37
IMB 4401	9
IMB 4403	19
PB1-330	29
CB1310	25
BB1309	5
PB2-106	4
	
SCB3309	23
BB2203	2
RB5201	75
RB5301	75
CSB209	32
CSB100	33
CSB100	8
RB5401	55
RB5401	24
PB2-106	14
PB2-205	30
PB2-100	45
PB1-230	34
STB206	55
STB205	30
IMB 4401	14
PB2-105	2
PB2-105	1
	
PB2-104	4
CSB100	45
CSB209	35
CSB210	27
RB5101	70
RB5201	70
RB5105	36
RB5208	36
RB5209	36
RB5210	36
RB5301	70
RB5308	36
RB5401	70
RB5101	75
RB5102	42
RB5103	42
RB5104	41
	
CB1113	30
CSB100	59
CSB209	15
CSB209	6
CSB210	13
CSB210	4
CSB210	4
SCB3205	37
RB5405	32
RB5405	13
RB5406	50
RB5405	3
PB2-205	19
SCB-1312	31
SCB-1314	30
STB206	49
STB205	62
IMB 4403	18
	
IMB 4406	24
PB2-106	5
CB1113	30
IMB 4401	10
CB1310	20
CB1113	45
IMB 4403	18
	
CB1310	45
	
CB1113	40
	
RB5101	50
	
RB5101	5
	
CB1113	5
	
RB5201	65
	
RB5208	40
	
RB5301	65
	
RB5401	65
	
RB5101	50
	
CB1310	15
	
RB5101	5
	
	
CB1113	45
	
RB5101	6
	
RB5101	50
	
RB5101	70
	
RB5102	45
	
RB5103	45
	
RB5104	45
	
RB5105	45
	
RB5201	70
	
RB5208	45
	
RB5209	45
	
RB5301	70
	
RB5308	45
	
RB5309	45
	
RB5310	45
	
RB5401	70
	
RB5405	45
	
RB5406	45
	
RB3210	45
	
	
RB3211	45
	
RB3301	60
	
RB3302	60
	
RB3304	45
	
RB3305	45
	
RB3309	45
	
RB3310	45
	
RB3401	45
	
RB3402	45
	
RB5101	70
	
RB5102	45
	
RB5201	70
	
RB5301	70
	
RB5401	70
	
CB1113	2
	
CB1113	2
	
RB5101	75
	
RB5201	75
	
RB5301	75
	
	
RB5401	75
	
RB5101	70
	
RB5201	70
	
RB5301	70
	
RB5401	70
	
RB5102	25
	
RB5101	60
	
CB1113	25
	
RB5101	5
	
CB1113	5
	
CB1310	40
	
RB3301	60
	
RB3302	60
	
RB3304	45
	
RB3305	45
	
RB3309	40
	
RB3310	45
	
RB5101	70
	
RB5102	45
	
	
RB5103	45
	
RB5104	45
	
RB5105	45
	
RB5201	70
	
RB5301	70
	
RB5401	70
	
RB5101	75
	
RB5201	75
	
RB5301	75
	
RB5401	50
	
RB5103	40
	
RB5104	40
	
RB5401	10
	
RB5103	5
	
RB5101	70
	
RB5102	45
	
RB5103	21
	
RB5201	60
	
RB5104	15
	
	
RB5104	20
	
RB5201	1
	
RB5103	2
	
RB5101	70
	
RB3301	60
	
RB3304	40
	
RB3302	60
	
RB3305	40
	
RB5201	50
	
RB5201	5
	
CB1113	10
	
RB5301	70
	
RB5308	45
	
RB5401	70
	
CB1113	5
	
RB5101	70
	
RB5201	70
	
RB5102	25
	
RB5103	20
	
	
RB5102	5
	
RB5103	5
	
RB5104	1
	
RB5104	40
	
RB3301	56
	
RB5104	15
	
RB5102	10
	
RB5101	70
	
RB5102	25
	
RB5103	40
	
CB1113	13
	
CB1113	30
	
	
ScB2804	4
ScB2718	7
BB1100	31
BB1214	11
BB1215	15
BB1309	12
BB1-A301	20
ScB2718	6
RB3201	44
RB3202	44
RB3203	44
RB3205	44
RB3206	44
RB3210	44
RB3211	44
RB3301	44
RB3302	44
RB3304	44
RB3305	44
RB3309	44
RB3310	44
RB3401	44
RB3402	44
RB3403	44
	
RB3405	44
RB3406	44
RB3410	44
BB1214	16
BB1214	13
BB1308	11
BB1214	9
RB5201	71
RB5103	34
RB5104	34
RB5105	34
BB1213	3
BB1303	31
BB1215	13
RB5401	75
ScB2718	25
ScB2720	14
BB1100	"30, 8"
BB1215	19
RB5102	31
RB5103	31
RB5308	45
RB5309	45
RB5310	45
BB1213	12
ScB2814	27
ScB2718	5
ScB2816	25
ScB2818	25
RB3201	41
RB3202	41
RB3203	27
RB3205	40
RB3206	40
BB2203	3
	
ScB2804	2
BB1214	15
BB1100	35
BB1213	8
BB1310	14
BB1213	1
ScB2804	12
BB1100	60
ScB2718	27
BB1214	7
BB1215	15
RB5105	46
RB5208	46
RB5209	45
RB5210	45
RB5308	45
BB1214	17
BB1100	31
ScB2814	48
BB1310	20
BB1214	13
BB1215	18
BB1213	7
BB1214	13
BB1309	13
BB1215	22
RB5102	42
RB5103	42
RB5104	41
RB5105	41
RB5208	41
RB5209	41
ScB2814	49
BB1213	2
	
	
RB5301	80
RB5401	79
BB1215	18
BB1100	30
ScB2814	35
SCB 4202	60
	
	
CSB 210	20
SCB1719	9
	
	
BB1213	9
IMB 4406	58
IMB 4403	24
IMB 4406	38
IMB 4403	9
IMB 4401	18
IMB 4416	10
IMB 4403	16
IMB 4406	37
IMB 4406	42
IMB 4403	10
IMB 4403	18
IMB 4406	20
IMB 4401	6
IMB 4406	26
IMB 4408	3
IMB 4416	10
IMB 4401	18
IMB 4403	21
IMB 4403	11
IMB 4401	10
IMB 4406	49
IMB 4401	4
IMB 4403	18
RB 5101	85
RB 5102	47
RB 5103	47
RB 5104	47
RB 5105	47
RB 5201	85
RB 5208	41
RB 5209	46
RB 5301	85
RB 5401	85
RB 5202	28
RB 5203	28
RB 5204	28
	
RB 5205	28
RB 5206	28
RB 5207	28
RB 5302	28
RB 5303	28
RB 5304	28
RB 5305	28
RB 5306	28
RB 5307	28
RB 5402	28
RB 5403	28
RB 5404	28
RB 5407	28
SCB1100	65
RB 5104	49
RB 5105	49
RB 5309	49
RB 5310	49
RB 5401	85
RB 5405	48
RB 3201	48
	
	
RB 3202	48
RB 3205	48
RB 3206	48
RB 3210	48
RB 3211	48
RB 3301	50
RB 3302	50
RB 3304	48
RB 3305	48
RB 3309	48
RB 3310	48
RB 3401	48
RB 3402	45
RB 3406	43
RB 3407	41
RB 3408	41
RB 3409	41
RB 3410	41
STB 204	2
	
STB 206	58
STB 205	25
STB 205	35
	
STB 205	39
STB 107	8
	
RB5206	27
RB5207	25
RB5306	28
RB5307	27
	
RB5401	83
RB5402	28
RB5403	28
RB5404	28
RB5407	28
RB5408	27
	
	
RB5409	28
RB5410	30
SCB1100	90
RB5209	40
RB5210	37
RB5308	52
RB5309	52
RB5310	52
RB5405	42
SCB4405-06	37
RB5101	75
RB5102	49
RB5103	49
RB5201	68
RB5208	41
RB5301	60
RB5401	77
STB 204	2
STB 204	2
STB 206	59
STB 302	33
STB 205	34
	2
STB 107	8
STB302	60
STB 205	23
	20
	2
STB 206	60
STB 206	44
STB 205	22
	
	
STB 204	2
SCB1502	30
	
SCB1504	30
	
SCB1512	30
	
SCB1514	30
	
SCB1602	30
	
SCB1604	30
	
SCB1614	30
	
BB1100	46
	
SCB1502	30
	
SCB1504	30
SCB1512	30
	
SCB1514	29
	
SCB1602	25
	
	
	
SCB1604	25
SCB1614	24
SCB1502	27
SCB1504	27
SCB1512	27
SCB1514	27
SCB1602	27
SCB1604	27
SCB1614	29
SCB1502	30
SCB1504	30
SCB1512	30
SCB1514	30
SCB1602	30
SCB1604	30
SCB1614	30
BB1100	30
BB1215	17
BB1310	17
SCB1502	32
SCB1504	32
	
	
SCB1512	32
SCB1514	32
SCB1602	32
SCB1604	33
SCB1614	33
RB5101	50
	
RB5102	32
RB5103	32
	
RB5104	30
	
RB5105	30
	
RB5210	16
	
RB5401	52
	
RB5405	31
	
RB5406	31
	
RB5301	50
	
RB5308	30
	
RB5309	30
	
RB5310	28
	
	
RB5201	52
RB5208	30
RB5210	14
RB3301	38
	
RB5209	29
RB3302	44
	
RB3205	32
RB3206	32
RB3210	31
RB3211	31
RB3201	33
RB3202	32
RB3304	30
	
RB3309	30
RB3305	28
	
RB5101	50
	
	
RB5201	52
RB5102	32
RB5103	31
RB5101	52
RB5104	31
RB5105	30
RB5301	52
RB5308	30
RB5309	30
RB5310	29
RB5201	49
RB5208	20
RB5209	33
RB5401	44
RB5208	32
RB5209	32
RB5103	32
RB5104	30
RB5105	30
	
RB5210	30
	
RB5401	50
RB5405	27
	
RB5310	30
RB5101	50
RB5201	52
RB5301	50
RB5308	29
RB5309	31
RB5102	28
RB3201	31
	
RB3301	32
RB3205	30
RB3206	30
RB3202	30
RB3302	23
RB5105	30
	
RB5101	45
RB5102	24
	
RB5201	45
RB5301	41
RB5102	17
RB5201	56
	
RB5201	52
RB5102	23
RB5101	47
RB5401	57
RB5301	50
RB5201	45
RB5101	43
CSB100	54
	
	
CSB209	40
CSB210	25
	
	
CSB100	71
	
CSB209	25
CSB207	10
	
	
CSB100	53
	
CSB209	25
CSB100	79
CSB209	40
CSB210	42
RB5101	78
RB5102	35
RB5103	30
RB5104	40
	
	
RB5105	36
RB5201	77
RB5208	40
RB5209	40
RB5301	76
RB5401	66
RB5308	30
RB 5309	24
CSB100	44
	
	
CSB209	40
CSB100	48
CSB210	46
CSB303	35
CSB100	55
	
CSB209	30
CSB210	40
	
	
CSB100	40
	
CSB100	43
	
CSB209	22
CSB100	39
SCB1502	30
	
SCB1504	30
	
SCB1512	30
	
SCB1514	30
	
SCB1602	30
	
SCB1604	30
	
SCB1614	30
	
BB1100	46
	
SCB1502	30
	
SCB1504	30
SCB1512	30
	
SCB1514	29
	
SCB1602	25
	
	
	
SCB1604	25
SCB1614	24
SCB1502	27
SCB1504	27
SCB1512	27
SCB1514	27
SCB1602	27
SCB1604	27
SCB1614	29
SCB1502	30
SCB1504	30
SCB1512	30
SCB1514	30
SCB1602	30
SCB1604	30
SCB1614	30
BB1100	30
BB1215	17
BB1310	17
SCB1502	32
SCB1504	32
	
	
SCB1512	32
SCB1514	32
SCB1602	32
SCB1604	33
SCB1614	33
SCB1100	61
	
SCB2100	61
SCB3100	52
RB5102	58
	
RB5103	58
RB5104	58
	
RB5101	88
	
RB5208	57
	
RB5209	57
	
RB5201	87
	
RB5301	73
	
RB5401	78
	
RB5101	69
	
	
RB5101	71
	
	
RB5101	61
	
	
	
RB5101	36
STB206	36
BB1215	13
	
SCB2718	5
	
STB206	6
	
BB1100	25
	
SCB2816	25
	
SCB2818	25
RB5101	60
RB5102	40
RB5103	40
RB5104	40
RB5105	40
RB5201	60
RB5208	40
RB5209	40
RB5210	40
RB5301	60
RB5308	40
RB5309	40
RB5310	40
RB5401	60
RB5405	40
	
RB5406	40
BB1-A301	33
SCB1-302	40
SCB1-304	40
SCB1-312	40
SCB1-314	41
SCB1-402	40
SCB1-404	40
SCB1-412	40
SCB1-414	40
RB3-201	25
RB3-202	25
RB3-203	15
RB3-205	25
RB3-206	25
RB3-207	15
RB3-210	24
RB3-211	28
RB3-301	35
	
RB3-302	35
RB3-304	25
RB3-305	25
RB3-306	15
RB3-307	15
RB3-308	15
RB3-309	25
RB3-310	25
RB3-401	24
PB2-100	44
RB3-402	27
RB3-403	25
RB3-405	25
RB3-406	22
RB3-410	20
PB1-230	27
PB1-330	29
BB1213	4
RB5101	85
	
RB5201	86
BB1214	8
RB5401	80
RB5201	85
RB5105	49
RB5101	77
RB5102	47
RB5103	46
RB5301	84
RB5104	50
SCB2804	4
RB5101	80
RB5102	49
RB5209	48
RB5210	47
RB5201	85
RB5208	50
RB5103	52
	
RB5104	52
RB5309	48
RB5310	48
RB5401	57
RB5301	87
RB5308	47
RB5105	50
SCB1-302	40
SCB1-304	41
SCB1-312	40
SCB1-314	40
SCB1-402	40
SCB1-404	41
SCB1-412	40
SCB1-414	40
STB206	48
SCB1502	30
	
SCB1504	30
SCB1512	30
SCB1514	30
SCB1602	30
SCB1604	30
BB1303	36
BB1213	4
RB5101	60
RB5102	25
RB5201	70
SCB3205	45
RB5301	80
RB5401	61
PB1-230	28
	
IMB 4406	51
IMB 4403	18
IMB 4401	6
SCB2-606	34
SCB3204	6
BB1214	5
RB5104	40
RB5105	40
RB5208	40
SCB2718	25
SCB2814	25
SCB3309	30
SCB4201	32
SCB4202	32
STB206	17
RB5102	36
SCB1502	33
SCB1504	32
	
SCB1602	33
SCB1604	33
SCB1614	32
BB1100	35
BB1-A101	32
RB5101	75
RB5102	45
RB5103	45
RB5104	45
RB5201	70
RB5208	45
RB5209	45
RB5301	70
RB5105	40
CB1113	10
CSB209	50
CSB207	36
CSB201	25
	
CSB210	33
CSB202	18
CSB100	70
SCB3205	43
SCB3100	46
SCB3309	25
RB5309	49
RB5310	28
	
PB1-330	16
PB2-205	15
PB2-100	43
STB206	41
IMB 4406	57
	
IMB 4403	16
IMB 4401	2
SCB2-606	21
PB1-230	20
CB1310	30
CB1113	10
SCB1719	13
BB1213	7
SCB2814	29
SCB2816	37
PB2-106	5
SCB3310	25
PB2-105	2
SCB2804	3
SCB3205	51
RB5101	77
RB5102	53
RB5201	85
	
RB5301	81
RB5103	49
SCB1-302	40
SCB1-304	42
SCB1-312	40
SCB1-314	40
SCB1-402	40
SCB1-404	42
SCB1-412	40
SCB1-414	39
STB206	4
RB5101	82
RB5201	84
SCB1-302	34
SCB1-304	34
SCB1-312	34
SCB1-314	34
SCB1-402	34
BB1213	4
RB3207	28
RB3208	28
RB3209	28
RB3403	48
RB3405	48
RB3406	48
RB3410	48
RB3411	47
SCB1502	29
SCB1504	29
SCB1512	29
SCB1514	28
SCB1602	28
SCB1604	28
BB1213	4
RB3201	45
RB3202	45
RB3205	45
RB3206	45
RB3210	45
RB3211	45
RB3301	60
RB3302	60
RB3304	45
RB3305	45
RB3309	45
RB3310	45
RB5101	70
RB5102	45
RB5103	45
RB5104	45
RB5105	45
RB5201	70
RB5208	45
RB5209	45
RB5210	45
RB5301	70
	
RB5401	70
CB1113	40
CB1310	40
SCB3402	4
PB2-106	7
RB5101	70
RB5102	30
RB5103	30
RB5201	70
RB5301	70
RB5401	70
RB5102	56
RB5103	56
RB5104	55
BB1100	50
RB5101	50
RB5201	60
RB5301	60
RB5101	5
	
CSB100	66
CSB209	29
GB202	22
RB5401	77
RB5208	50
RB5209	48
PB2-205	13
PB2-106	4
STB206	58
IMB 4403	18
IMB 4406	36
IMB 4401	8
SCB4202	17
RB5209	46
RB5210	46
RB5208	50
	
RB5201	82
RB5101	75
RB5102	48
RB5103	47
RB5401	70
BB1215	27
CSB100	51
CSB209	25
RB5101	75
RB5102	46
PB2-100	34
STB206	27
IMB 4406	57
PB2-106	4
BB1215	27
CSB207	34
CSB201	21
	
BB1214	9
PB1-230	33
PB1-330	33
PB2-106	6
RB5201	80
RB5301	80
RB5401	80
RB5102	50
RB5103	50
RB5104	47
RB5105	48
RB5208	47
RB5101	76
RB5209	50
RB5210	50
RB5308	50
MB2111	70
MB2212	20
	
MB2213-4	70
RB3201	44
RB3202	42
RB3301	58
RB3205	47
RB3302	55
RB3206	48
STB206	42
RB5208	34
PB2-106	9
PB2-106	2
RB5101	70
RB5102	45
RB5103	45
RB5201	70
RB5301	70
RB5401	70
RB3201	45
RB3202	45
	
RB3205	45
RB3206	45
RB3210	45
RB3211	45
RB3304	45
RB3305	45
RB5208	50
RB5209	51
RB5101	80
RB5201	80
RB5301	80
RB5401	81
RB5310	50
RB5308	43
RB5309	50
RB5102	41
RB5103	36
RB5104	50
SCB1-302	39
	
SCB1-304	37
SCB1-312	39
SCB1-314	29
SCB1-402	29
RB3403	49
RB3306	30
RB3406	50
RB3303	27
RB3405	47
RB3410	47
RB3411	46
RB3207	26
RB3208	27
STB206	37
RB5101	85
RB5102	52
RB5103	52
RB5104	52
	
RB5105	52
RB5201	85
RB5208	52
RB5209	52
RB5210	52
RB5301	85
RB5401	84
SCB2804	1
RB3205	46
BB1214	17
RB5101	60
RB3301	50
RB3302	50
CB1310	20
CB1113	1
CB1310	10
CSB100	54
GB100	39
SCB3205	47
	
SCB3204	27
RB5102	50
RB5103	50
MB2111	60
RB5104	49
SCB1-302	40
SCB1-304	40
SCB1-312	35
PB1-330	32
PB1-230	26
SCB4405-06	48
IMB 4406	70
IMB 4403	18
CB1113	30
SCB3100	58
PB2-106	2
	
SCB2816	29
SCB2818	28
CSB100	72
CSB209	37
CSB207	20
CSB210	39
RB5201	84
RB5104	46
RB5101	87
RB5102	46
RB5301	82
RB5105	46
RB5103	46
RB5401	81
RB5101	70
RB5102	45
RB5103	45
RB5104	45
RB5105	45
RB5201	70
RB5208	45
RB5301	70
RB5401	70
SCB1721	3
SCB1502	30
SCB1504	30
SCB1512	30
SCB1514	30
SCB1602	30
SCB1604	28
BB1215	23
BB1213	10
RB5101	65
RB5201	65
	
RB5301	60
RB5101	5
SCB3100	60
SCB3205	45
SCB3204	7
RB5102	42
RB5103	33
	
PB1-230	38
PB1-330	38
PB2-205	20
STB206	5
IMB 4403	18
IMB 4406	39
IMB 4401	4
PB2-100	34
BB1100	51
	
PB2-106	1
SCB3310	18
PB1-230	36
PB1-330	30
PB2-106	4
SCB3100	71
SCB3204	6
BB1310	19
RB5101	65
RB5102	45
RB5201	50
RB5301	50
CB1113	40
RB5301	5
RB5201	10
CSB207	25
CSB209	33
CSB210	26
CSB100	64
	
SCB3100	80
SCB3205	66
SCB3204	24
RB5310	20
RB5210	21
RB5310	5
SCB1-302	33
SCB1-304	33
SCB1-312	33
SCB1-314	33
RB5105	52
STB206	38
STB207	18
IMB 4406	16
IMB 4401	6
PB1-230	27
	
PB1-330	31
BB1100	34
PB2-106	8
SCB3310	5
RB5201	87
BB1310	29
RB5101	60
RB5102	31
RB5103	45
RB5104	45
RB5201	65
RB5105	40
RB5201	1
RB5105	5
	
CSB100	52
SCB3100	85
	
SCB3204	28
SCB3205	38
GB100	34
RB3210	48
RB3211	20
SCB1-302	30
SCB1-304	35
SCB1-312	28
SCB1-314	27
PB2-205	15
PB2-104	7
สอบออนไลน?	19
RB5405	50
RB5406	31
RB3201	35
RB3202	35
	
STB206	41
IMB 4401	14
IMB 4406	18
IMB 4403	17
IMB 4416	2
PB1-230	22
PB1-330	37
PB2-106	6
RB3301	60
RB3302	60
RB5301	70
RB5401	70
BB1215	20
RB5308	40
RB5309	40
RB5310	40
SCB1502	31
SCB1504	31
	
SCB1512	31
SCB1514	31
SCB1602	31
SCB1604	30
SCB1614	30
SCB2718	24
SCB2814	30
PB2-105	6
SCB3309	25
SCB3310	30
SCB3311	22
RB3211	8
SCB1502	30
SCB1504	30
RB5101	70
RB5102	40
RB5103	40
RB5104	35
RB5105	35
	
RB5105	5
CB1113	5
CSB100	54
CSB209	16
SCB3205	46
SCB3206	16
RB5301	72
	
PB1-330	30
PB1-230	28
RB5201	65
IMB 4406	18
IMB 4401	1
PB2-205	29
CB1113	30
RB5104	10
	
SCB1614	24
SCB3309	16
SCB3310	22
BB1201	4
RB5101	47
SCB2814	30
PB2-106	6
311	38
RB3205	40
BB1100	30
BB1213	6
RB5104	35
RB5105	35
RB5103	40
CSB100	29
RB5208	47
	
RB5209	37
RB5210	16
SCB1-402	25
SCB1-404	28
SCB1-412	34
PB1-230	35
PB1-330	34
SCB1-302	35
SCB1-304	37
SCB1-312	33
SCB1-314	33
PB2-106	12
PB2-105	14
	
STB206	39
IMB 4406	62
	
IMB 4403	5
RB5101	70
RB5102	45
CB1113	30
SCB3310	30
IMB 4401	4
CB1113	10
SCB2718	21
SCB2814	30
PB2-106	4
BB1214	19
RB5101	70
CB1113	15
PB2-205	17
SCB2814	29
IMB 4406	18
scb3204	29
scb3309	23
scb3310	22
scb3310	70
scb3204	23
scb3205	49
gb100	40
scb3309	16
scb3310	30
scb3205	37
gb202	20
scb3205	46
gb100	37
scb3206	14
scb3100	70
scb3204	28
scb3100	70
scb3205	60
gb200	10
scb3310	12
scb3100	80
scb3204	32
scb3206	16
scb3100	85
scb3205	46
scb3204	24
scb3309	30
scb3310	23
scb3311	22
scb3205	38
gb200	19
scb3309	30
scb3310	22
scb3204	17
scb3310	23
rb5301	81
rb5308	50
rb5101	30
rb5201	80
rb5102	50
rb5103	50
rb5104	48
rb5309	50
	
rb5105	46
rb5210	33
rb5101	75
rb5201	80
rb5102	47
rb5103	47
rb5104	47
rb5208	46
rb5209	47
rb5210	47
rb5301	85
rb5308	44
rb5309	44
rb5401	67
rb5105	49
rb5208	45
rb5209	45
rb5210	46
rb5301	56
	
rb5104	44
rb5105	20
rb3201	33
rb3202	31
rb5105	26
rb5210	42
	
	
rb3202	3
rb5104	2
rb5101	69
rb5102	48
rb5103	45
rb5302	48
rb5101	7
rb5302	15
rb5301	64
rb5101	56
rb5201	70
rb5102	41
rb5103	49
rb5201	82
	
rb3301	60
rb3304	25
rb3205	50
rb3206	29
rb3309	22
rb3310	50
rb3302	60
rb3309	27
rb3210	51
rb3211	50
rb3304	26
rb3305	50
rb3201	49
rb3202	49
rb3203	18
rb3203	10
mb2111	49
rb5101	77
rb5102	50
rb5103	10
rb5208	51
rb5209	51
rb5210	51
rb5105	16
rb5201	82
rb5308	51
rb5309	51
rb5103	39
rb5104	50
rb5301	84
rb5310	40
rb5202	24
rb5302	28
rb5310	10
rb5406	37
rb5105	34
rb5405	14
rb5406	10
rb5405	32
rb5102	30
rb5103	48
	
rb5105	40
rb5102	20
rb5301	71
	
rb5309	42
rb5310	42
rb5405	41
	
rb5101	5
rb5102	46
rb5201	80
rb5103	45
rb5104	45
rb5105	37
rb5301	80
rb5401	80
rb5208	37
rb5209	26
	
	
rb5208	3
rb3201	29
rb3202	19
rb3201	6
rb3202	6
rb3201	7
rb3202	5
rb3302	62
rb3304	50
rb3305	50
rb5105	32
rb3301	56
rb5105	17
rb3301	5
rb3304	2
rb3305	3
rb5208	20
rb5209	34
rb5210	2
rb5208	36
rb5210	11
	
rb5209	1
rb5208	2
rb5206	40
rb5209	40
rb5210	40
rb5301	50
rb5308	39
rb5309	35
rb5310	35
rb5401	50
rb5105	40
rb5201	50
rb5202	15
scb1314	40
scb1402	39
scb1302	43
scb1304	44
scb1312	42
scb1314	42
scb1402	42
scb1404	44
scb1412	42
scb1414	43
pb2-100	53
pb2-106	16
pb2-100	52
pb2-205	32
pb2-106	15
pb2-205	28
pb2-105	13
pb1-230	29
pb2-106	6
pb1-330	29
pb2-104	4
pb2-100	50
scb1302	38
scb1304	38
scb1312	38
scb1304	38
scb1312	38
scb1314	38
scb1402	35
scb1404	40
scb1412	40
scb1414	40
scb1302	42
scb1304	42
scb1312	41
scb1314	41
scb1404	42
pb2-106	10
pb2-205	28
pb2-106	2
pb1-230	38
pb1-330	35
pb1-230	26
pb2-105	6
pb2-106	10
scb1302	41
scb1304	42
scb1312	42
scb1314	40
scb1402	41
scb1404	40
scb1412	40
scb1414	37
rb5101	56
rb5102	40
rb5103	41
scb1402	3
pb1-230	34
pb2100	60
pb1330	27
pb2106	8
pb2205	25
pb2105	6
pb1230	30
pb2100	53
pb1330	32
pb2106	16
rb5405	35
rb5406	35
pb2106	16
scb1302	40
scb1304	40
scb1312	40
scb1314	35
pb2105	5
pb2106	7
scb1302	38
scb1304	38
scb1312	36
pb1330	39
pb1230	37
pb2105	11
pb2100	60
pb1230	39
pb2103	11
pb1330	38
pb2106	8
pb2105	11
pb2104	8
pb1230	35
pb1330	30
pb2205	26
pb2103	7
pb2104	15
pb2106	9
pb2106	13
pb2205	24
pb2104	8
pb1230	34
pb1330	33
pb2100	50
pb2105	7
pb2106	8
pb1230	27
pb2106	6
pb2106	6
